0.6137056388801094,0.6137056388801094,0,0,0.3068528194400547,0.3068528194400547,0.3068528194400547,0,0,0.6137056388801094,2.147969736080383,0.3068528194400547,0,0.3068528194400547,0.3068528194400547,0.6137056388801094,0.3068528194400547,0.6137056388801094,0.3068528194400547,0.9205584583201641,0.6137056388801094,0,0,0.3068528194400547,0,0.3068528194400547,0.6137056388801094,0,0,0.3068528194400547,0,0.3068528194400547,0.3068528194400547,0.3068528194400547,0.9205584583201641,0.6137056388801094,0,0.3068528194400547,0.3068528194400547,0.3068528194400547,0.3068528194400547,0.3068528194400547,0.3068528194400547,0.3068528194400547,0.6137056388801094,0.3068528194400547,0,0,0,0,0,0.3068528194400547,0.3068528194400547,0.6137056388801094,0.6137056388801094,0.3068528194400547,0,0.3068528194400547,0,0.6137056388801094,0.3068528194400547,0.3068528194400547,0.3068528194400547,0.3068528194400547,0.3068528194400547,0,0.6137056388801094,0.3068528194400547,0,0,0,0,0,0,0.3068528194400547,0,0,0,0,0,0,0,0,0,0.6137056388801094,0,0,0,0,0.3068528194400547,0,0,0,0,0,0,0,0,0,0.3068528194400547,0,0,0.9205584583201641,0.3068528194400547,0.3068528194400547,0,0,0,0,0,0,0,0,0,0.3068528194400547,0,0,0.3068528194400547,0,0,0.3068528194400547,0.3068528194400547,0,0,0,0.6137056388801094,0.3068528194400547,0.3068528194400547,0,0.3068528194400547,0.6137056388801094,0,0.3068528194400547,0,0.3068528194400547,0,0,0,0,0,0,0,0,0,0,0,0,0,0,0,0,0,0,0,0,0,0,0,0,0,0,0,0,0,0,0,0,0,0,0,0,0,0,0,0,0,0,0,0,0,0,0,0,0,0,0,0,0,0,0,0,0,0,0,0,0,0,0,0,0,0,0,0,0,0,0,0,0,0,0,0,0,0,0,0,0,0,0,0,0,0,0,0,0,0,0,0,0,0,0,0,0,0,0,0,0,0,0,0,0,0,0,0,0,0,0,0,0,0,0,0,0,0,0,0,0,0,0,0,0,0,0,0,0,0,0,0,0,0,0,0,0,0,0,0,0,0,0,0,0,0,0,0,0,0,0,0,0,0,0,0,0,0,0,0,0,0,0,0,0,0,0,0,0,0,0,0,0,0,0,0,0,0,0,0,0,0,0,0,0,0,0,0,0,0,0,0,0,0,0,0,0,0,0,0,0,0,0,0,0,0,0,0,0,0,0,0,0,0,0,0,0,0,0,0,0,0,0,0,0,0,0,0,0,0,0,0,0,0,0,0,0,0,0,0,0,0,0,0,0,0,0,0,0,0,0,0,0,0,0,0,0,0,0,0,0,0,0,0,0,0,0,0,0,0,0,0,0,0,0,0,0,0,0,0,0,0,0,0,0,0,0,0,0,0,0,0,0,0,0,0,0,0,0,0,0,0,0,0,0,0,0,0,0,0,0,0,0,0,0,0,0,0,0,0,0,0,0,0,0,0,0,0,0,0,0,0,0,0,0,0,0,0,0,0,0,0,0,0,0,0,0,0,0,0,0,0,0,0,0,0,0,0,0,0,0,0,0,0,0,0,0,0,0,0,0,0,0,0,0,0,0,0,0,0,0,0,0,0,0,0,0,0,0,0,0,0,0,0,0,0,0,0,0,0,0,0,0,0,0,0,0,0,0,0,0,0,0,0,0,0,0,0,0,0,0,0,0,0,0,0,0,0,0,0,0,0,0,0,0,0,0,0,0,0,0,0,0,0,0,0,0,0,0,0,0,0,0,0,0,0,0,0,0,0,0,0,0,0,1
0.3068528194400547,0.3068528194400547,0.3068528194400547,0.3068528194400547,0,0.3068528194400547,0,0.6137056388801094,0.9205584583201641,0.6137056388801094,0,0,0.3068528194400547,0,0,1.2274112777602189,1.5342640972002735,0.3068528194400547,0.6137056388801094,0.3068528194400547,0.3068528194400547,0.3068528194400547,0.3068528194400547,0.3068528194400547,0.3068528194400547,0,0,0,0,0,0,0,0,0,0,0,0,0,0,0,0,0,0,0,0,0,0,0,0,0,0,0,0,0,0,0,0,0,0,0,0,0,0,0,0,0,0,0,0.3068528194400547,0,0.3068528194400547,0.3068528194400547,0,0,0,0,0.3068528194400547,0.3068528194400547,0.3068528194400547,0.3068528194400547,0,0.3068528194400547,0,0,0,0,0.3068528194400547,0,0.3068528194400547,0,0,0.3068528194400547,0.3068528194400547,0.3068528194400547,0.3068528194400547,0,0.3068528194400547,0.3068528194400547,0.3068528194400547,0,0,0,0,0,0,0,0,0.3068528194400547,0.3068528194400547,0.3068528194400547,0,0.3068528194400547,0.3068528194400547,0,0,0,0.3068528194400547,0,0.3068528194400547,0,0.6137056388801094,0,0,0,0,0,0,0,0.6137056388801094,0,0,0.3068528194400547,0,0,0,0,0,0,0,0,0,0,0,0,0,0,0,0,0,0,0,0,0,0,0,0,0,0,0,0,0,0,0,0,0,0,0,0,0,0,0,0,0,0,0,0,0,0,0,0,0,0,0,0,0,0,0,0,0,0,0,0,0,0,0,0,0,0,0,0,0,0,0,0,0,0,0,0,0,0,0,0,0,0,0,0,0,0,0,0,0,0,0,0,0,0,0,0,0,0,0,0,0,0,0,0,0,0,0,0,0,0,0,0,0,0,0,0,0,0,0,0,0,0,0,0,0,0,0,0,0,0,0,0,0,0,0,0,0,0,0,0,0,0,0,0,0,0,0,0,0,0,0,0,0,0,0,0,0,0,0,0,0,0,0,0,0,0,0,0,0,0,0,0,0,0,0,0,0,0,0,0,0,0,0,0,0,0,0,0,0,0,0,0,0,0,0,0,0,0,0,0,0,0,0,0,0,0,0,0,0,0,0,0,0,0,0,0,0,0,0,0,0,0,0,0,0,0,0,0,0,0,0,0,0,0,0,0,0,0,0,0,0,0,0,0,0,0,0,0,0,0,0,0,0,0,0,0,0,0,0,0,0,0,0,0,0,0,0,0,0,0,0,0,0,0,0,0,0,0,0,0,0,0,0,0,0,0,0,0,0,0,0,0,0,0,0,0,0,0,0,0,0,0,0,0,0,0,0,0,0,0,0,0,0,0,0,0,0,0,0,0,0,0,0,0,0,0,0,0,0,0,0,0,0,0,0,0,0,0,0,0,0,0,0,0,0,0,0,0,0,0,0,0,0,0,0,0,0,0,0,0,0,0,0,0,0,0,0,0,0,0,0,0,0,0,0,0,0,0,0,0,0,0,0,0,0,0,0,0,0,0,0,0,0,0,0,0,0,0,0,0,0,0,0,0,0,0,0,0,0,0,0,0,0,0,0,0,0,0,0,0,0,0,0,0,0,0,0,0,0,0,0,0,0,0,0,0,0,0,0,0,0,0,0,0,0,0,0,0,0,0,0,0,0,0,0,0,0,0,0,0,0,0,0,0,0,0,0,1
0.3068528194400547,0,0.3068528194400547,0.3068528194400547,0.3068528194400547,0,0.3068528194400547,0.3068528194400547,0.3068528194400547,0,0.3068528194400547,0.3068528194400547,0.6137056388801094,0.3068528194400547,0.3068528194400547,0.6137056388801094,0.6137056388801094,0.3068528194400547,0.3068528194400547,0,0,0.3068528194400547,0.3068528194400547,0,0,0,0,0.3068528194400547,0.3068528194400547,0,0.3068528194400547,0,0,0,0,0,0.9205584583201641,0,0,0,0,0,0,0,0,0,0.6137056388801094,0.3068528194400547,0.3068528194400547,0.3068528194400547,0.3068528194400547,0,0,0,0,0,0.3068528194400547,0,0.3068528194400547,0,0,0,0,0,0,0.6137056388801094,0,0,0,0.9205584583201641,0,0,0.3068528194400547,0.3068528194400547,0,0.3068528194400547,0,0,0,0,0.3068528194400547,0,0.3068528194400547,0.3068528194400547,0,0.3068528194400547,0,0.6137056388801094,0,0,0.3068528194400547,0,0,0,0,0.6137056388801094,0,0,0,0,0.6137056388801094,0.6137056388801094,0.3068528194400547,0.6137056388801094,0,0.3068528194400547,0.3068528194400547,0,0,0,0.3068528194400547,0,0,0.9205584583201641,0,0.3068528194400547,0,0,0,0.3068528194400547,0,0,0.3068528194400547,0.3068528194400547,0.3068528194400547,0,0,0,0,0,0,0,0,0.3068528194400547,0,0,0,0,0,0,0,0,0,0,0,0,0,0,0,0,0,0,0,0,0,0,0,0,0,0,0,0,0,0,0,0,0,0,0,0,0,0,0,0,0,0,0,0,0,0,0,0,0,0,0,0,0,0,0,0,0,0,0,0,0,0,0,0,0,0,0,0,0,0,0,0,0,0,0,0,0,0,0,0,0,0,0,0,0,0,0,0,0,0,0,0,0,0,0,0,0,0,0,0,0,0,0,0,0,0,0,0,0,0,0,0,0,0,0,0,0,0,0,0,0,0,0,0,0,0,0,0,0,0,0,0,0,0,0,0,0,0,0,0,0,0,0,0,0,0,0,0,0,0,0,0,0,0,0,0,0,0,0,0,0,0,0,0,0,0,0,0,0,0,0,0,0,0,0,0,0,0,0,0,0,0,0,0,0,0,0,0,0,0,0,0,0,0,0,0,0,0,0,0,0,0,0,0,0,0,0,0,0,0,0,0,0,0,0,0,0,0,0,0,0,0,0,0,0,0,0,0,0,0,0,0,0,0,0,0,0,0,0,0,0,0,0,0,0,0,0,0,0,0,0,0,0,0,0,0,0,0,0,0,0,0,0,0,0,0,0,0,0,0,0,0,0,0,0,0,0,0,0,0,0,0,0,0,0,0,0,0,0,0,0,0,0,0,0,0,0,0,0,0,0,0,0,0,0,0,0,0,0,0,0,0,0,0,0,0,0,0,0,0,0,0,0,0,0,0,0,0,0,0,0,0,0,0,0,0,0,0,0,0,0,0,0,0,0,0,0,0,0,0,0,0,0,0,0,0,0,0,0,0,0,0,0,0,0,0,0,0,0,0,0,0,0,0,0,0,0,0,0,0,0,0,0,0,0,0,0,0,0,0,0,0,0,0,0,0,0,0,0,0,0,0,0,0,0,0,0,0,0,0,0,0,0,0,0,0,0,0,0,0,0,0,0,0,0,0,0,0,0,0,0,0,0,0,0,0,0,0,0,0,0,0,0,0,0,0,0,0,0,0,0,0,0,0,0,0,0,0,0,0,0,0,0,0,0,1
0,0,0,0,0,0,0,0,0,0,0,0,0,0,0,0,0.3068528194400547,0,0,0,0,0,0.3068528194400547,0,0,0,0,0,0,0,0,0,0,0,0,0,0,0,0,0,0,0,0,0,0,0,0,0,0,0,0,0,0,0,0,0,0,0,0,0,0,0,0,0,0,0,0,0,0,0,0,0,0,0,0,0,0,0,0,0,0,0,0,0,0,0,0,0,0,0,0,0,0,0,0,0,0,0,0,0,0,0,0,0,0,0,0,0,0.3068528194400547,0,0,0,0,0,0,0,0,0,0,0,0.3068528194400547,0,0,0,0,0,0,0,0,0,2.147969736080383,0,0,0,0.3068528194400547,0.3068528194400547,0.6137056388801094,0,0,0,0,0,0,0,0.3068528194400547,0.6137056388801094,0,0.6137056388801094,0,1.5342640972002735,0,0.3068528194400547,0,0.3068528194400547,0.3068528194400547,0.3068528194400547,0.9205584583201641,0,0.3068528194400547,0.3068528194400547,0.3068528194400547,0.6137056388801094,0.6137056388801094,0.3068528194400547,0.3068528194400547,0.3068528194400547,0.3068528194400547,0.3068528194400547,0.3068528194400547,0.3068528194400547,0.3068528194400547,0.3068528194400547,0.3068528194400547,0,0.3068528194400547,0.3068528194400547,0,0.3068528194400547,0.3068528194400547,0.3068528194400547,0,0,0,0,0,0,0,0,0,0,0,0,0.9205584583201641,0,0,0,0,0,0,0,0,0.6137056388801094,0,0,0,0.6137056388801094,0,0,0,0,0,0,0,0,0,0,0,0,0,0,0,0,0,0,0,0,0,0,0,0,0,0,0,0,0,0,0,0,0,0,0,0,0,0,0,0,0,0,0,0,0,0,0,0,0,0,0,0,0,0,0,0,0,0,0,0,0,0,0.6137056388801094,1.2274112777602189,0,0,0,0,0,0,0,0,0,0,0.3068528194400547,0.3068528194400547,0,0,0,0.3068528194400547,0,0,0,0,0,0,0,0,0,0,0,0,0,0,0,0,0,0,0,0,0,0,0,0,0,0,0,0,0,0,0,0,0,0,0,0,0,0,0,0,0,0,0,0,0,0,0,0,0,0,0,0,0,0,0,0,0,0,0,0,0,0,0,0,0,0,0,0,0,0,0,0,0,0,0,0,0,0,0,0,0,0,0,0,0,0,0,0,0,0,0,0,0,0,0,0,0,0,0,0,0,0,0,0,0,0,0,0,0,0,0,0,0,0,0,0,0,0,0,0,0,0,0,0,0,0,0,0,0,0,0,0,0,0,0,0,0,0,0,0,0,0,0,0,0,0,0,0,0,0,0,0,0,0,0,0,0,0,0,0,0,0,0,0,0,0,0,0,0,0,0,0,0,0,0,0,0,0,0,0,0,0,0,0,0,0,0,0,0,0,0,0,0,0,0,0,0,0,0,0,0,0,0,0,0,0,0,0,0,0,0,0,0,0,0,0,0,0,0,0,0,0,0,0,0,0,0,0,0,0,0,0,0,0,0,0,0,0,0,0,0,0,0,0,0,0,0,0,0,0,0,0,0,0,0,0,0,0,0,0,0,0,0,0,0,0,0,0,0,0,0,0,0,0,0,0,0,0,0,0,0,0,0,0,0,0,0,0,0,0,0,0,0,0,0,0,0,0,0,0,0,0,0,0,0,0,0,0,0,0,0,0,0,2
0,0,0,0,0,0,0,0,0,0,0,0,0,0,0,0,0,0,0,0,0,0,0,0,0,0,0,0,0,0,0,0,0,0,0,0,0,0,0,0,0,0,0,0,0,0,0,0,0,0,0,0,0,0,0,0,0,0,0,0,0,0,0,0,0,0,0,0,0,0,0,0,0,0,0,0,0,0,0,0,0,0,0,0,0,0,0,0,0,0,0,0,0,0,0,0,0,0,0,0,0,0,0,0,0,0,0,0,0,0,0,0,0,0,0,0,0,0,0,0,0,0,0,0,0,0,0,0,0,0,0,0,0.3068528194400547,0.3068528194400547,0.3068528194400547,0,0,0.9205584583201641,0.3068528194400547,0.3068528194400547,0.3068528194400547,0.9205584583201641,0.3068528194400547,0,0,0,0,0,0,0,0,0,0,0,0,0,0,0,0,0,0,0,0,0,0,0,0,0,0,0,0,0,0,0,0,0,0,0,0,0,1.2274112777602189,0.6137056388801094,0.9205584583201641,0.3068528194400547,0.9205584583201641,0.3068528194400547,0.6137056388801094,0.3068528194400547,0.3068528194400547,0.3068528194400547,0,0,0,0.3068528194400547,0.3068528194400547,0,0.9205584583201641,0.3068528194400547,0.3068528194400547,0,0.6137056388801094,0,0.3068528194400547,0.3068528194400547,0.3068528194400547,0,0.3068528194400547,0,0.3068528194400547,0.3068528194400547,0.3068528194400547,1.2274112777602189,0.3068528194400547,0.3068528194400547,0.6137056388801094,0,0.3068528194400547,0,0,0.3068528194400547,0,0.3068528194400547,0,0.3068528194400547,0.3068528194400547,0,0.3068528194400547,0.9205584583201641,0.3068528194400547,0.3068528194400547,0.6137056388801094,0.6137056388801094,0,0.3068528194400547,0.6137056388801094,0.3068528194400547,0.3068528194400547,0,0,0,0,0,0,0,0,0,0,0,0,0,0,0,0,0,0,0,0,0,0,0,0,0,0,0,0,0,0,0,0.3068528194400547,0.6137056388801094,0.9205584583201641,0,0.3068528194400547,0.3068528194400547,0.3068528194400547,0,0.6137056388801094,0.3068528194400547,0,0,0,0,0,0,0.3068528194400547,0,0,0,0,0,0,0,0,0,0,0,0,0,0,0,0,0,0,0,0,0,0,0,0,0,0,0,0,0,0,0,0,0,0,0,0,0,0,0,0,0,0,0,0,0,0,0,0,0,0,0,0,0,0,0,0,0,0,0,0,0,0,0,0,0,0,0,0,0,0,0,0,0,0,0,0,0,0,0,0,0,0,0,0,0,0,0,0,0,0,0,0,0,0,0,0,0,0,0,0,0,0,0,0,0,0,0,0,0,0,0,0,0,0,0,0,0,0,0,0,0,0,0,0,0,0,0,0,0,0,0,0,0,0,0,0,0,0,0,0,0,0,0,0,0,0,0,0,0,0,0,0,0,0,0,0,0,0,0,0,0,0,0,0,0,0,0,0,0,0,0,0,0,0,0,0,0,0,0,0,0,0,0,0,0,0,0,0,0,0,0,0,0,0,0,0,0,0,0,0,0,0,0,0,0,0,0,0,0,0,0,0,0,0,0,0,0,0,0,0,0,0,0,0,0,0,0,0,0,0,0,0,0,0,0,0,0,0,0,0,0,0,0,0,0,0,0,0,0,0,0,0,0,0,0,0,0,0,0,0,0,0,0,0,0,0,0,0,0,0,0,0,0,0,0,0,0,0,0,0,0,0,0,0,0,0,0,0,0,0,0,0,0,0,0,0,0,0,0,0,0,0,0,0,0,0,0,0,0,0,0,0,0,0,2
0,0,0,0,0,0,0,0,0,0,0,0,0,0,0,0,0,0,0,0,0,0,0,0.3068528194400547,0,0,0,0,0,0,0,0,0,0,0,0,0,0,0,0,0,0,0,0,0,0,0,0,0,0,0,0,0,0,0,0,0,0,0,0,0,0,0,0,0,0,0,0,0,0,0,0,0,0,0,0,0,0,0,0,0,0,0,0,0,0,0,0,0,0,0,0,0,0,0,0,0,0,0,0,0,0,0,0,0,0,0,0,0,0,0,0,0,0,0,0.3068528194400547,0,0,0,0,0,0,0,0,0,0,0,0,0,0,0,0,0.6137056388801094,0.3068528194400547,0,0.3068528194400547,0.3068528194400547,0.6137056388801094,0.3068528194400547,0.3068528194400547,0.3068528194400547,0.3068528194400547,0,0.3068528194400547,0,0,0.3068528194400547,0,0.3068528194400547,0,0.6137056388801094,0,0.3068528194400547,0,0,0,0,0.3068528194400547,0,0,0,0,0,0,0,0,0,0,0,0,0,0,0,0.3068528194400547,0,0,0.6137056388801094,0,0,0,0,0,0,0,0,0,0,0,0,0,0.9205584583201641,0.3068528194400547,0,0,0,0.3068528194400547,0,0,0,0.3068528194400547,0,0,0,0,0,0,0,0.3068528194400547,0,0,0,0,0,0,0,0.3068528194400547,0,0.3068528194400547,0.3068528194400547,0,0.3068528194400547,0,0.3068528194400547,0,0,0.3068528194400547,0,0,0,0,0,0,1.2274112777602189,0,0,0,0,1.5342640972002735,3.068528194400547,0.3068528194400547,0.9205584583201641,0.3068528194400547,1.8411169166403283,0.9205584583201641,0.3068528194400547,0.3068528194400547,0.3068528194400547,0.3068528194400547,0.3068528194400547,0.3068528194400547,0.3068528194400547,0.3068528194400547,0.3068528194400547,0.3068528194400547,0.3068528194400547,0.6137056388801094,0.3068528194400547,0.9205584583201641,0.6137056388801094,0.9205584583201641,0.9205584583201641,0.6137056388801094,0.3068528194400547,0.3068528194400547,0.3068528194400547,0.3068528194400547,0.3068528194400547,0.3068528194400547,0,0,0,0.3068528194400547,0,0,0,0.3068528194400547,0,0,0.3068528194400547,0.3068528194400547,0,0,0.3068528194400547,0.3068528194400547,0,0,0,0,0,0,0,0,0,0,0,0,0,0,0,0,0,0,0,0,0,0,0,0,0,0,0,0,0,0,0,0,0,0,0,0,0,0,0,0,0,0,0,0,0,0,0,0,0,0,0,0,0,0,0,0,0,0,0,0,0,0,0,0,0,0,0,0,0,0,0,0,0,0,0,0,0,0,0,0,0,0,0,0,0,0,0,0,0,0,0,0,0,0,0,0,0,0,0,0,0,0,0,0,0,0,0,0,0,0,0,0,0,0,0,0,0,0,0,0,0,0,0,0,0,0,0,0,0,0,0,0,0,0,0,0,0,0,0,0,0,0,0,0,0,0,0,0,0,0,0,0,0,0,0,0,0,0,0,0,0,0,0,0,0,0,0,0,0,0,0,0,0,0,0,0,0,0,0,0,0,0,0,0,0,0,0,0,0,0,0,0,0,0,0,0,0,0,0,0,0,0,0,0,0,0,0,0,0,0,0,0,0,0,0,0,0,0,0,0,0,0,0,0,0,0,0,0,0,0,0,0,0,0,0,0,0,0,0,0,0,0,0,0,0,0,0,0,0,0,0,0,0,0,0,0,0,0,0,0,0,0,0,0,0,0,0,0,0,0,0,0,0,0,0,0,0,0,0,0,0,0,0,0,0,0,0,0,0,0,0,0,0,0,0,0,0,0,0,0,0,0,0,0,0,0,0,0,0,0,0,0,0,0,0,2
0,0,0,0,0,0,0,0,0,0,0,0,0,0,0,0,0,0,0.6137056388801094,0,0,0,0,0,0,0,0,0,0,0,0,0,0,0,0,0,0,0,0,0,0,0,0,0,0,0,0,0,0,0,0,0,0,0,0,0,0,0,0,0,0,0,0,0,0,0,0,0,0,0,0,0,0,0,0,0,0,0,0,0,0,0,0,0,0,0,0,0,0,0,0,0,0,0,0,0,0,0,0,0,0,0,0.3068528194400547,0,0,0,0,0,0,0,0,0,0,0,0,0,0.3068528194400547,0,0.6137056388801094,0,0,0,0,0,0,0,0,0,0.3068528194400547,0,0,0,0,0,0,0,0,0,0,0,0,0,0,0,0,0,0,0,0,0,0,0,0,0,0,0,0,0,0,0,0,0,0,0,0,0,0,0,0,0,0,0,0,0,0,0,0,0,0,0,0,0,0,0,0,0,0,0,0,0,0,0,0,0,0,0,0,0,0,0,0,0,0,0,0,0,0,0,0,0,0,0,0,0,0,0,0,0,0,0,0,0,0,0,0,0,0,0,0,0,0,0,0,0,0,0,0,0,0,0,0,0,0,0,0,0,0,0,0,0,0,0,0,0,0,0,0,0,0,0,0,0,0,0,0,0,0,0,0.3068528194400547,0,0,0,0,0,0,0.3068528194400547,0,0,0,0,0,0,0,0,0,0.3068528194400547,0.9205584583201641,0.3068528194400547,0.3068528194400547,0,0.3068528194400547,0.3068528194400547,0.6137056388801094,0.3068528194400547,0.6137056388801094,0.3068528194400547,0,0.3068528194400547,0.3068528194400547,0.3068528194400547,0.3068528194400547,0,0.3068528194400547,0.3068528194400547,0.3068528194400547,0.3068528194400547,0.6137056388801094,0.3068528194400547,0.3068528194400547,0.3068528194400547,0.3068528194400547,0.3068528194400547,0.3068528194400547,0,0.6137056388801094,0.3068528194400547,0,0.3068528194400547,0.3068528194400547,0.3068528194400547,0.3068528194400547,0.3068528194400547,0.3068528194400547,0.3068528194400547,0.3068528194400547,0.3068528194400547,0.3068528194400547,0,0,0,0,0,0,0,0,0,0,0,0,0,0,0,0,0,0,0,0,0,0,0,0,0,0,0,0,0,0,0,0,0,0,0,0,0,0,0,0,0,0,0,0,0.3068528194400547,0,0.3068528194400547,0.6137056388801094,0.3068528194400547,0.3068528194400547,0,0.3068528194400547,0.3068528194400547,0,0,0,0.3068528194400547,0,0,0,0,0,0,0,0,0,0,0,0,0,0,0,0,0,0,0,0,0,0,0,0,0,0,0,0,0,0,0,0,0,0,0,0,0,0,0,0,0,0,0,0,0,0,0,0,0,0,0,0,0,0,0,0,0,0,0,0,0,0,0,0,0,0,0,0,0,0,0,0,0,0,0,0,0,0,0,0,0,0,0,0,0,0,0,0,0,0,0,0,0,0,0,0,0,0,0,0,0,0,0,0,0,0,0,0,0,0,0,0,0,0,0,0,0,0,0,0,0,0,0,0,0,0,0,0,0,0,0,0,0,0,0,0,0,0,0,0,0,0,0,0,0,0,0,0,0,0,0,0,0,0,0,0,0,0,0,0,0,0,0,0,0,0,0,0,0,0,0,0,0,0,0,0,0,0,0,0,0,0,0,0,0,0,0,0,0,0,0,0,0,0,0,0,0,0,0,0,0,0,0,0,0,0,0,0,0,0,0,0,0,0,0,4
0,0,0,0,0,0,0,0,0,0,0,0,0,0,0,0,0,0,0,0,0,0,0,0,0,0,0,0,0,0,0,0,0,0,0,0,0,0,0,0,0,0,0,0,0,0,0,0,0,0,0,0,0,0,0,0,0,0,0,0,0,0,0,0,0,0,0,0,0,0,0,0,0,0,0,0,0,0,0,0,0,0,0,0,0,0,0,0,0,0,0,0,0,0,0,0,0,0,0,0,0,0,0,0,0.3068528194400547,0,0,0,0,0,0.3068528194400547,0,0,0,0,0,0,0,0,0,0,0.6137056388801094,0,0,0,0,0,0,0,0,0,0.3068528194400547,0,0,0,0,0,0,0,0,0.6137056388801094,0,0,0,0,0,0,0,0,0,0,0,0,0,0,0,0,0,0,0,0,0,0,0,0,0,0,0,0,0,0,0,0,0,0,0,0,0,0,0,0,0,0,0,0,0,0,0,0,0,0,0,0,0,0,0,0,0,0,0,0,0,0,0,0,0,0,0,0,0,0,0,0,0,0,0,0,0,0,0,0,0,0,0,0,0,0,0,0,0,0,0,0,0,0,0,0,0,0,0,0,0,0,0,0,0,0,0,0,0,0,0,0,0,0,0,0,0,0,0,0,0,0,0,0,0,0,0,0,0,0,0,0.3068528194400547,0,0,0,0,0,0,0,0,0,0,0,0,0,0,0,0.9205584583201641,0.3068528194400547,0,0,0,0,0,0,0,0,0,0,0,0,0,0,0,0,0,0,0,0,0,0,0,0,0,0,0,0,0,0,0,0,0,0,0,0,0,0.6137056388801094,0,1.8411169166403283,1.2274112777602189,0.3068528194400547,0.3068528194400547,0.3068528194400547,0,0.3068528194400547,0,0.3068528194400547,0,0.3068528194400547,0.3068528194400547,0.3068528194400547,0,0.3068528194400547,0,0.3068528194400547,0.3068528194400547,0.3068528194400547,0.3068528194400547,0.3068528194400547,0.3068528194400547,0.3068528194400547,0.3068528194400547,0.3068528194400547,0,0,0,0,0,0,0,0,0,0,0,0,0.3068528194400547,0.3068528194400547,0.3068528194400547,0.3068528194400547,0.3068528194400547,0,0,0,0,0,0,0.3068528194400547,0,0,0.3068528194400547,0.3068528194400547,0.3068528194400547,0,0.3068528194400547,0,0,0,0,0,0,0,0,0,0,0,0,0,0,0,0,0,0,0,0,0,0,0,0,0,0,0,0,0,0,0,0,0,0,0,0,0,0,0,0,0,0,0,0,0,0,0,0,0,0,0,0,0,0,0,0,0,0,0,0,0,0,0,0,0,0,0,0,0,0,0,0,0,0,0,0,0,0,0,0,0,0,0,0,0,0,0,0,0,0,0,0,0,0,0,0,0,0,0,0,0,0,0,0,0,0,0,0,0,0,0,0,0,0,0,0,0,0,0,0,0,0,0,0,0,0,0,0,0,0,0,0,0,0,0,0,0,0,0,0,0,0,0,0,0,0,0,0,0,0,0,0,0,0,0,0,0,0,0,0,0,0,0,0,0,0,0,0,0,0,0,0,0,0,0,0,0,0,0,0,0,0,0,0,0,0,0,0,0,0,0,0,0,0,0,0,0,0,0,0,0,0,0,0,0,0,0,0,0,0,0,0,0,0,4
0,0,0,0,0,0,0,0,0,0,0,0,0,0,0,0,0,0,0.3068528194400547,0,0,0,0,0,0,0,0,0,0,0,0,0,0,0,0,0,0,0,0,0,0,0,0,0,0,0,0,0,0,0,0,0,0,0,0,0,0,0,0,0,0,0,0,0,0,0,0,0,0,0,0,0,0,0,0,0,0,0,0,0,0,0,0,0,0,0,0,0,0,0,0,0,0,0,0,0,0,0,0,0,0,0,0,0,0,0,0,0,0,0.3068528194400547,0,0,0,0,0,0,0,0,0,0,0.3068528194400547,0,0,0,0,0.3068528194400547,0,0.3068528194400547,0,0.9205584583201641,0,0.6137056388801094,0,0,0,0,0,0,0,0,0,0.3068528194400547,0,0,0,0,0,0,0,0,0,0,0,0,0,0,0,0,0,0,0,0,0,0,0,0,0,0,0,0,0,0,0,0,0,0,0,0,0,0,0,0,0,0,0,0,0,0,0,0,0,0,0,0,0,0,0,0,0,0,0,0,0,0,0,0,0,0,0,0,0,0,0,0,0,0,0,0,0,0,0,0,0,0,0,0,0,0,0,0,0,0,0,0,0,0,0,0,0,0,0,0,0,0,0,0,0,0,0,0,0,0,0,0,0,0,0,0,0,0,0,0,0,0,0,0,0,0,0,0,0,0,0,0,0,0,0,0,0.3068528194400547,0,0,0,0,0,0,0,0.3068528194400547,0.3068528194400547,0,0,0,0,0,0,0,0,0.3068528194400547,0,0,0,0,0.3068528194400547,0,0,0,0,0,0,0,0,0,0,0,0.3068528194400547,0,0,0.3068528194400547,0,0,0,0,0,0,0,0,0,0,0,0.6137056388801094,0,0,0,0,0,0.3068528194400547,0,0.3068528194400547,0,0.6137056388801094,0,0,0,0.3068528194400547,0,0.3068528194400547,0,0,0,0,0,0,0,0,0,0.3068528194400547,0.3068528194400547,0.3068528194400547,0.3068528194400547,0.3068528194400547,0.3068528194400547,0.6137056388801094,0.9205584583201641,0.3068528194400547,0.6137056388801094,0.3068528194400547,0.6137056388801094,0,0,0,0,0,0,0.3068528194400547,0,0,0,0,0,0,0,0,0,0,0,0,0,0,0,0,0,0,0,0,0,0,0,0,0,0,0,0,0,0,0,0,0,0,0,0,0,0,0,0,0,0,0,0,0,0,0,0,0,0,0,0,0,0,0,0,0,0,0,0,0,0,0,0,0,0,0,0,0,0,0,0,0,0,0,0,0,0,0,0,0,0,0,0,0,0,0,0,0,0,0,0,0,0,0,0,0,0,0,0,0,0,0,0,0,0,0,0,0,0,0,0,0,0,0,0,0,0,0,0,0,0,0,0,0,0,0,0,0,0,0,0,0,0,0,0,0,0,0,0,0,0,0,0,0,0,0,0,0,0,0,0,0,0,0,0,0,0,0,0,0,0,0,0,0,0,0,0,0,0,0,0,0,0,0,0,0,0,0,0,0,0,0,0,0,0,0,0,0,0,0,0,0,0,0,0,0,0,0,0,0,0,0,0,0,0,0,0,0,0,0,0,0,0,0,0,0,0,0,0,0,0,0,0,0,0,4
0,0,0,0,0,0,0,0,0,0,0,0,0,0,0,0.6137056388801094,0,0,0.6137056388801094,0,0,0,0,0,0,0,0,0,0,0,0,0,0,0,0,0,0,0,0,0,0,0,0,0,0,0,0,0,0,0,0,0,0,0,0,0,0,0,0,0,0,0,0,0,0,0,0,0,0,0,0,0,0,0,0,0,0,0,0,0,0,0,0,0,0,0,0,0,0,0,0,0,0,0,0,0,0,0,0,0,0,0,0,0.3068528194400547,0,0,0,0.3068528194400547,0,0,0,0,0,0,0,0,0,0,0,0,0,0,0,0,0,0,0,0,0,0,0.3068528194400547,0,0,0,0,0,0,0,0,0,0,0,0,0,0,0,0,0,0,0,0,0,0,0,0,0,0,0,0,0,0,0,0,0,0,0,0,0,0,0,0,0,0,0,0,0,0,0,0,0,0,0,0,0,0,0,0,0,0,0,0,0,0,0,0,0,0,0,0,0,0,0,0,0,0,0,0,0,0,0,0,0,0,0,0,0,0,0,0,0,0,0,0,0,0,0,0,0,0,0,0,0,0,0,0,0,0,0,0,0,0,0,0,0,0,0,0,0,0,0,0,0,0,0,0,0,0,0,0,0,0,0,0,0,0,0,0,0,0,0,0,0,0,0,0,0,0,0.3068528194400547,0,0,0,0,0,0.3068528194400547,0,0,0,0,0,0,0,0,0,0,0,0,0,0,0,0,0,0,0,0,0,0,0,0,0,0,0,0,0,0,0,0,0,0,0,0,0,0,0,0,0,0,0,0,0,0,0,0,0,0,0,0,0,0,0,0,0,0,0,0,0,0,0,0,0,0,0,0,0,0,0,0,0,0,0,0,0,0,0,0,0,0,0,0,0,0,0,0,0,0,0,0,0,0.3068528194400547,0.3068528194400547,0,0,0,0,0,0,0.3068528194400547,0,0.3068528194400547,0,0,0.3068528194400547,0,0,0,0,0.3068528194400547,0.3068528194400547,0.3068528194400547,0.3068528194400547,0,0.3068528194400547,0,0,0.3068528194400547,0,0.3068528194400547,0,0,0,0,0,0,0,0,0,0,0,0,0,0,0,0.3068528194400547,0.3068528194400547,0,0.3068528194400547,0.3068528194400547,0,0,0,0,0,0,0,0,0,0,0,0,0,0,0,0,0,0,0,0,0,0,0,0,0,0,0,0,0,0,0,0,0,0,0,0,0,0,0,0,0,0,0,0,0,0,0,0,0,0,0,0,0,0,0,0,0,0,0,0,0,0,0,0.3068528194400547,0,0,0,0,0,0,0,0,0,0,0,0,0,0,0,0,0,0,0,0,0,0,0,0,0,0,0,0,0,0,0,0,0,0,0,0,0,0,0,0,0,0,0,0,0,0,0,0,0,0,0,0,0,0,0,0,0,0,0,0,0,0,0,0,0,0,0,0,0,0,0,0,0,0,0,0,0,0,0,0,0,0,0,0,0,0,0,0,0,0,0,0,0,0,0,0,0,0,0,0,0,0,0,0,0,0,0,0,0,5
0,0,0,0,0,0,0,0,0,0,0,0,0,0,0,0,0,0.3068528194400547,0,0,0,0,0,0,0,0,0,0,0,0,0,0,0,0,0,0,0,0,0,0,0,0,0,0,0,0,0,0,0,0,0,0,0,0,0,0,0,0,0,0,0,0,0,0,0,0,0,0,0,0,0,0,0,0,0,0,0,0,0,0,0,0,0,0,0,0,0,0,0,0,0,0,0,0,0,0,0,0,0,0,0,0,0,0,0,0,0,0,0,0,0,0,0,0,0,0,0,0,0,0,0,0,0.3068528194400547,0,0,0,0,0,0,0,0,0,0,0,0,0,0,0,0,0,0,0,0,0,0,0,0,0,0,0,0,0,0,0,0,0,0,0,0,0,0,0,0,0,0,0,0,0,0,0,0,0,0,0,0,0,0,0,0,0,0,0,0,0,0,0,0,0,0,0,0,0,0,0,0,0,0,0,0,0,0,0,0,0,0,0,0,0,0,0,0,0,0,0,0,0,0,0,0,0,0,0,0,0,0,0,0,0,0,0,0,0,0,0,0,0,0,0,0,0,0,0,0,0,0,0,0,0,0,0,0,0,0,0,0,0,0,0,0,0,0,0,0,0,0,0,0,0,0,0,0,0,0,0,0,0,0.3068528194400547,0,0,0,0.3068528194400547,0,0,0,0,0.3068528194400547,0,0,0,0,0,0,0,0,0,0,0,0,0,0,0,0,0,0,0,0,0,0,0,0,0,0,0,0,0,0,0,0,0,0,0,0,0,0,0,0,0,0,0,0,0,0,0,0,0,0,0,0,0,0,0,0,0,0,0,0,0,0,0,0,0,0,0,0,0,0,0,0,0,0,0,0,0,0,0,0,0,0,0,0,0,0,0.6137056388801094,0,0,0,0,0,0,0.3068528194400547,0,0,0,0,0,1.2274112777602189,0.6137056388801094,0.3068528194400547,0.6137056388801094,0.3068528194400547,0.3068528194400547,1.2274112777602189,0.3068528194400547,0.3068528194400547,0,0,0,0,0,0,0,0,0.3068528194400547,0,1.8411169166403283,0,1.2274112777602189,0,0.9205584583201641,0.3068528194400547,0.3068528194400547,0.3068528194400547,0,0.6137056388801094,0.3068528194400547,0.6137056388801094,0,0.3068528194400547,0.3068528194400547,0.3068528194400547,0,0,0,0.3068528194400547,0,0,0.3068528194400547,0.3068528194400547,0.3068528194400547,0.3068528194400547,0,0,0,0,0,0,0,0,0,0,0,0,0,0,0,0,0,0,0,0,0,0,0,0,0,0,0,0,0,0,0,0,0,0,0,0,0,0,0,0,0,0,0,0,0,0,0,0,0,0,0,0,0,0,0,0,0.3068528194400547,0,0,0,0,0,0,0,0,0,0,0,0,0,0,0,0,0,0,0,0,0,0,0,0,0,0,0,0,0,0,0,0,0,0,0,0,0,0,0,0,0,0,0,0,0,0,0,0,0,0,0,0,0,0,0,0,0,0,0,0,0,0,0,0,0,0,0,0,0,0,0,0,0,0,0,0,0,0,0,0,0,0,0,0,0,0,0,0,0,0,0,0,0,0,0,0,0,0,0,0,0,0,0,0,0,0,0,0,0,0,0,0,5
0,0,0,0,0,0,0,0,0,0,0,0,0,0,0,0.3068528194400547,0.3068528194400547,1.5342640972002735,0,0.3068528194400547,0.3068528194400547,1.2274112777602189,0,0,0,0,0,0,0,0,0,0,0,0,0,0,0,0,0,0,0,0,0,0,0,0,0,0,0,0,0,0,0,0,0,0,0,0,0,0,0,0,0,0,0,0,0,0,0,0,0,0,0,0,0,0,0,0,0,0,0,0,0,0,0,0,0,0,0,0,0,0,0,0,0,0,0,0,0,0,0,0,0,0.3068528194400547,0,0.3068528194400547,0.6137056388801094,0,0,0,0,0,0.3068528194400547,0,0.9205584583201641,0,0,1.2274112777602189,0,0.6137056388801094,0.3068528194400547,0,0,0.3068528194400547,0,0.3068528194400547,0.6137056388801094,0,0.6137056388801094,0,0,0,0,0,0.6137056388801094,0,0,0,0,0,0,0,0,0,0,0,0,0,0,0,0,0,0,0,0,0,0,0,0,0,0,0,0,0,0,0,0,0,0,0,0,0,0,0,0,0,0,0,0,0,0,0,0,0,0,0,0,0,0,0,0,0,0,0,0,0,0,0,0,0,0,0,0,0,0,0,0,0,0,0,0,0,0,0,0,0,0,0,0,0,0,0,0,0,0,0,0,0,0,0,0,0,0,0,0,0,0,0,0,0,0,0,0,0,0,0,0,0,0,0,0,0,0,0,0,0,0,0,0,0,0,0,0,0,0,0,0,0,0,0,0,0,0,0,0,0,0,0,0,0,0,0.3068528194400547,0.9205584583201641,0.3068528194400547,0,0,0,0,0,0,0,0,0,0,0,0,0,0,0,0,0,0,0,0,0,0,0,0,0,0,0,0,0,0,0,0,0,0,0,0,0,0,0,0,0,0,0,0,0,0,0,0,0,0,0,0,0,0,0,0,0,0,0,0,0,0,0,0,0,0,0,0,0,0,0,0,0,0,0,0,0,0,0,0,0,0,0,0,0.6137056388801094,0,0,0.3068528194400547,0,0,0,0,0,0,0,0,0,0.3068528194400547,0,0,0.3068528194400547,3.375381013840602,1.5342640972002735,0,2.4548225555204377,1.2274112777602189,0,0.6137056388801094,1.8411169166403283,0.3068528194400547,0.3068528194400547,0,0,0,0,0.3068528194400547,0,0.3068528194400547,0,0,0,0,0,0.3068528194400547,0,0,0,0,0.6137056388801094,0,0,0,0.3068528194400547,0,0,0,0.3068528194400547,0,0,0,0,0,0,0,0,0,0.3068528194400547,0.3068528194400547,0.3068528194400547,0.3068528194400547,0.3068528194400547,0.3068528194400547,0.3068528194400547,0.3068528194400547,0.3068528194400547,0.3068528194400547,1.2274112777602189,1.2274112777602189,1.8411169166403283,0.9205584583201641,0.6137056388801094,0.3068528194400547,0.3068528194400547,0.3068528194400547,0.9205584583201641,0.6137056388801094,0.3068528194400547,0.6137056388801094,0.3068528194400547,0.3068528194400547,0.3068528194400547,0.3068528194400547,0.3068528194400547,0.3068528194400547,0.3068528194400547,0.3068528194400547,0.3068528194400547,0.3068528194400547,0.3068528194400547,0.3068528194400547,0.6137056388801094,0.3068528194400547,0.3068528194400547,0.3068528194400547,0.3068528194400547,0.3068528194400547,0.3068528194400547,0.3068528194400547,0.3068528194400547,0.3068528194400547,0.3068528194400547,0.3068528194400547,0.3068528194400547,0.3068528194400547,0.3068528194400547,0.6137056388801094,0.6137056388801094,0.3068528194400547,0.3068528194400547,0.3068528194400547,0.3068528194400547,0.3068528194400547,0.6137056388801094,0.3068528194400547,0.3068528194400547,0,0.3068528194400547,0.3068528194400547,0,0,0,0,0,0,0,0,0,0,0,0,0,0,0,0,0,0,0,0,0,0,0,0,0,0,0,0,0,0,0,0,0,0,0,0,0,0,0,0,0,0,0,0,0,0,0,0,0,0,0,0,0,0,0,0,0,0,0,0,0,0,0,0,0,0,0,0,0,0,0,0,0,0,0,0,0,0,0,0,0,0,0,0,0,0,0,0,0,0,0,0,0,0,0,0,0,0,0,0,0,0,0,0,0,0,0,5
0,0,0,0,0,0,0,0,0,0,0,0,0,0,0,0,0,0,0,0,0,0,0,0,0,0,0,0,0,0,0,0,0,0,0,0,0,0,0,0,0,0,0,0,0,0,0,0,0,0,0,0,0,0,0,0,0,0,0,0,0,0,0,0,0,0,0,0,0,0,0,0,0,0,0,0,0,0,0,0,0,0,0,0,0,0,0,0,0,0,0,0,0,0,0,0,0,0,0,0,0,0,0.3068528194400547,0,0,0,0,0,0,0,0,0,0,0,0,0,0,0,0,0,0.3068528194400547,0,0.9205584583201641,0.3068528194400547,0,0,0,0,0,0,0,0.3068528194400547,0.3068528194400547,0.3068528194400547,0.3068528194400547,0,0,0,0,0,0,0,0,0,0,0,0,0,0,0,0,0,0,0,0,0,0,0,0,0,0,0,0,0,0,0,0,0,0,0,0,0,0,0,0,0,0,0,0,0,0,0,0,0,0,0,0,0,0,0,0,0,0,0,0,0,0,0,0,0,0,0,0,0,0,0,0,0,0,0,0,0,0,0,0,0,0,0,0,0,0,0,0,0,0,0,0,0,0,0,0,0,0,0,0,0,0,0,0,0,0,0,0,0,0,0,0,0,0,0,0,0,0,0,0,0,0,0,0,0,0,0,0,0,0,0,0,0,0,0.3068528194400547,0,0.3068528194400547,0,0,0,0,0,0,0,0,0,0,0.3068528194400547,0,0.3068528194400547,0,0,0,0,0,0,0,0,0,0,0,0,0,0,0,0,0,0,0,0,0,0,0,0,0,0,0,0,0,0,0,0,0,0,0,0,0,0,0,0,0,0,0,0,0,0,0,0,0,0,0,0,0,0,0,0,0,0,0,0,0,0,0,0,0,0,0,0,0,0,0,0,0,0,0,0,0,0,0,0,0,0,0,0,0,0,0,0,0,0,0,0,0,0,0,0,0,1.2274112777602189,1.2274112777602189,0.3068528194400547,0,0,0,0,0,0,0,0,0,0,0,0,0,0,0,0,0,0,0,0,0,0,0,0,0,0,0,0,0,0,0,0,0,0,0,0,0,0,0,0,0,0,0,0,0,0,0,0,0,0,0,0,0,0,0,0,0,0,0,0,0,0,0,0,0,0,0,0,0,0,0,0,0,0,0,0,0,0,0,0,0,0,0,0,0,0,0,0,0,0,0,0,0,0,0,0,0,0,0,0,0,0.3068528194400547,0,0,0,0.3068528194400547,0.6137056388801094,0.6137056388801094,0.3068528194400547,0,0,0.6137056388801094,0,0.3068528194400547,0.6137056388801094,0.3068528194400547,0.9205584583201641,0,0,0,0.9205584583201641,0,0,0.3068528194400547,0.3068528194400547,0,0.3068528194400547,0.3068528194400547,0.3068528194400547,0.3068528194400547,0,0,1.8411169166403283,1.5342640972002735,1.5342640972002735,1.5342640972002735,0.3068528194400547,0,0.3068528194400547,0.3068528194400547,0,0.3068528194400547,0.3068528194400547,0,0.3068528194400547,0.6137056388801094,0,0,0.3068528194400547,0.3068528194400547,0,0,0,0,0,0,1.2274112777602189,0,0,0,0,0,0,0,0,0,0,0,0,2.147969736080383,0,0,0,0,0.6137056388801094,0,0,0.9205584583201641,0,0,0,0,0,0,0,0,0,0,0,0,0,0,0,0,0.3068528194400547,0,0,0,0,0,0,0,0,0,0,0,0,0,0,0,0,0,0,0,19
0,0,0,0,0,0,0,0,0,0,0,0,0,0,0,0,0,0,0,0,0,0,0,0,0,0,0,0,0,0,0,0,0,0,0,0,0,0,0,0,0,0,0,0,0,0,0,0,0,0,0,0,0,0,0,0,0,0,0,0,0,0,0,0,0,0,0,0,0,0,0,0,0,0,0,0,0,0,0,0,0,0,0,0,0,0,0,0,0,0,0,0,0,0,0,0,0,0,0,0,0,0,0,0.3068528194400547,0,0,0,0,0,0,0,0,0,0,0,0,0,0,0,0,0,0.3068528194400547,0,0,0.6137056388801094,0,0,0.3068528194400547,0,0.3068528194400547,0,0,0,0,0,0,0,0,0,0,0,0,0,0,0,0,0,0,0,0,0,0,0,0,0,0,0,0,0,0,0,0,0,0,0,0,0,0,0,0,0,0,0,0,0,0,0,0,0,0,0,0,0,0,0,0,0,0,0,0,0,0,0,0,0,0,0,0,0,0,0,0,0,0,0,0,0,0,0,0,0,0,0,0,0,0,0,0,0,0,0,0,0,0,0,0,0,0,0,0,0,0,0,0,0,0,0,0,0,0,0,0,0,0,0,0,0,0,0,0,0,0,0,0,0,0,0,0,0,0,0,0,0,0,0,0,0,0,0,0,0,0,0,0,0,0,0,0,0,0,0,0,0,0,0,0,0,0,0,0,0,0,0,0,0,0,0,0,0,0,0,0,0,0,0,0,0,0,0,0,0,0,0,0,0,0,0,0,0,0,0,0,0,0,0,0,0,0,0,0,0,0,0,0,0,0,0,0,0,0,0,0,0,0,0,0,0,0,0,0,0,0,0,0,0,0,0,0,0,0,0,0,0,0,0,0,0,0,0,0,0,0,0,0,0,0,0,0,0,0,0.3068528194400547,0.9205584583201641,0.6137056388801094,0.6137056388801094,0.3068528194400547,0,0,0,0,0,0,0,0,0,0,0,0,0,0,0,0,0,0,0,0,0,0,0,0,0,0,0,0,0,0,0,0,0,0,0,0,0,0,0,0,0,0,0,0,0,0,0,0,0,0,0,0,0,0,0,0,0,0,0,0,0,0,0,0,0,0,0,0,0,0,0,0,0,0,0,0,0,0,0,0,0,0,0,0,0,0,0,0,0,0,0,0,0,0,0,0,0,0,0,0,0,0.9205584583201641,0.3068528194400547,0.3068528194400547,0.3068528194400547,0,0.3068528194400547,0.6137056388801094,0.3068528194400547,0.3068528194400547,0.3068528194400547,0.9205584583201641,0.6137056388801094,0.3068528194400547,0,0,0,0,0,0,0,0,0,0,0,0,0,0,0,0,0,0,0,0,0,0,0,0,0,0,0,0,0,0,0,0,0,0,0,0,0,0.6137056388801094,0.6137056388801094,0,0.3068528194400547,0.3068528194400547,0,0.3068528194400547,0,0.3068528194400547,0.3068528194400547,0,0.3068528194400547,0,0.6137056388801094,0.3068528194400547,0.3068528194400547,0.9205584583201641,0.9205584583201641,0,0,0.3068528194400547,0.3068528194400547,0.6137056388801094,0,0.3068528194400547,0.6137056388801094,0,0,0.3068528194400547,0.3068528194400547,0.3068528194400547,0.3068528194400547,0.3068528194400547,0.3068528194400547,0,0.3068528194400547,0,0.3068528194400547,0.3068528194400547,0.3068528194400547,0.3068528194400547,0.3068528194400547,0.3068528194400547,0,0.6137056388801094,0.3068528194400547,0.3068528194400547,0.6137056388801094,0.3068528194400547,0.6137056388801094,0.3068528194400547,0.3068528194400547,0.3068528194400547,0.3068528194400547,0.3068528194400547,0,0.3068528194400547,0,0,0,0,0,0.9205584583201641,19
0,0,0,0,0,0,0,0,0,0,0,0,0,0,0,0,0,0,0,0,0,0,0,0,0,0,0,0,0,0,0,0,0,0,0,0,0,0,0,0,0,0,0,0,0,0,0,0,0,0,0,0,0,0,0,0,0,0,0,0,0,0,0,0,0,0,0,0,0,0,0,0,0,0,0,0,0,0,0,0,0,0,0,0,0,0,0,0,0,0,0,0,0,0,0,0,0,0,0,0,0,0,0.3068528194400547,0,0,0,0,0,0,0,0,0.3068528194400547,0,0.9205584583201641,0,0,0,0,0,0,0,0,0,0,0.6137056388801094,0,1.2274112777602189,0,0,0,0.3068528194400547,0,0,0,0.3068528194400547,0,0,0,0,2.4548225555204377,0,0,0,0,0,0,0,0,0,0,0,0,0,0,0,0,0,0,0,0,0,0,0,0,0,0,0,0,0,0,0,0,0,0,0,0,0,0,0,0,0,0,0,0,0,0,0,0,0,0,0,0,0,0,0,0,0,0,0,0,0,0,0,0,0,0,0,0,0,0,0,0,0,0,0,0,0,0,0,0,0,0,0,0,0,0,0,0,0,0,0,0,0,0,0,0,0,0,0,0,0,0,0,0,0,0,0,0,0,0,0,0,0,0,0,0,0,0,0,0,0,0,0,0,0,0,0,0,0.3068528194400547,0.6137056388801094,0.6137056388801094,0,0,0.3068528194400547,0.3068528194400547,0,0,0,0,0.3068528194400547,0,0,0,0,0.3068528194400547,0,0,0,0,0,0,0,0,0,0,0,0,0,0,0,0,0,0,0,0,0,0,0,0,0,0,0,0,0,0,0,0,0,0,0,0,0,0,0,0,0,0,0,0,0,0,0,0,0,0,0,0,0,0,0,0,0,0,0,0,0,0,0,0,0,0,0,0,0,0,0,0,0,0,0,0,0,0,0,0,0,0.6137056388801094,0.9205584583201641,0,0.3068528194400547,0.3068528194400547,0,0,0.3068528194400547,0.3068528194400547,0.3068528194400547,0.3068528194400547,0,0,0,0,0,0,0,0,0,0,0,0,0,0,0,0,0,0,0,0,0,0,0,0,0,0,0,0,0,0,0,0,0,0,0,0,0,0,0,0,0,0,0,0,0,0,0,0,0,0,0,0,0,0,0,0,0,0,0,0,0,0,0,0,0,0,0,0,0,0,0,0,0,0,0,0,0,0,0,0,0,0,0,0,0,0,0,0,0,0,0,0,0,0,0,0,0,0,0,0,0,0,0,0,0,0,0,0,0,0.6137056388801094,0,0,0,0,0,0.3068528194400547,0,0.3068528194400547,0.3068528194400547,0,0.3068528194400547,0,0,0,0,0.3068528194400547,0.6137056388801094,0.6137056388801094,0,0.3068528194400547,0.3068528194400547,0,0,0.3068528194400547,0,0,0,0,0.3068528194400547,0.3068528194400547,0,0,0,0,0,0.3068528194400547,0,0,0.3068528194400547,0,0,0.6137056388801094,0,0,0.3068528194400547,0.3068528194400547,0,0,0.6137056388801094,0,0,0.9205584583201641,0,0,0,0,0.3068528194400547,0,0,0.3068528194400547,0,0.9205584583201641,0,0,0,0,0,0,0.3068528194400547,0,0,0,0,0,0,0,0.6137056388801094,0,0,0,0,0,0,0.6137056388801094,0,0.3068528194400547,0,0,0,0,0,0,0,0,0,0,0,0,0,0,0,0,0,0,0.3068528194400547,0,0.3068528194400547,0.3068528194400547,0.3068528194400547,0.3068528194400547,0.3068528194400547,0,19
